"","year","mine.name","mine.state","countystr","mine.status","operation.type","operating.company","production.stons","average.employees","labor.hours","total.production","total.employee","mean.production","mean.employee","na.rm"
"1",2011,"Darby Fork No 1","Kentucky (East)","Harlan","Active","Mine only","Lone Mountain Processing Inc",248,110,174,4858,1317,220.818181818182,59.8636363636364,TRUE
"2",2011,"Huff Creek No 1","Kentucky (East)","Harlan","Active","Mine only","Lone Mountain Processing Inc",313,127,193,4858,1317,220.818181818182,59.8636363636364,TRUE
"3",2011,"Mine No.17","Kentucky (East)","Harlan","Active","Mine only","K And D Mining Inc.",81,35,446,4858,1317,220.818181818182,59.8636363636364,TRUE
"4",2011,"D & C Mining  Corporation","Kentucky (East)","Harlan","Active","Mine only","D & C Mining Corporation",350,20,248,4858,1317,220.818181818182,59.8636363636364,TRUE
"5",2011,"K3","Kentucky (East)","Harlan","Active","Mine only","Harlan Cumberland Coal Company",224,15,206,4858,1317,220.818181818182,59.8636363636364,TRUE
"6",2011,"No 1","Kentucky (East)","Harlan","Active","Mine only","Linsco Energy Llc",249,35,414,4858,1317,220.818181818182,59.8636363636364,TRUE
"7",2011,"Rb #12","Kentucky (East)","Harlan","Active","Mine only","Manalapan Mining Co., Inc.",317,32,234,4858,1317,220.818181818182,59.8636363636364,TRUE
"8",2011,"Mine No 2","Kentucky (East)","Harlan","Active","Mine only","Stillhouse Mining, Llc",198,92,100,4858,1317,220.818181818182,59.8636363636364,TRUE
"9",2011,"C5","Kentucky (East)","Harlan","Active","Mine only","Rex Coal Company Inc.",316,30,407,4858,1317,220.818181818182,59.8636363636364,TRUE
"10",2011,"D5","Kentucky (East)","Harlan","Active","Mine only","Rex Coal Co. Inc",154,49,55,4858,1317,220.818181818182,59.8636363636364,TRUE
"11",2011,"Mine No 2","Kentucky (East)","Harlan","Active","Mine only","Neco Energy Inc",48,33,412,4858,1317,220.818181818182,59.8636363636364,TRUE
"12",2011,"Cloverlick #2","Kentucky (East)","Harlan","Active","Mine only","Jarisa, Inc.",102,38,440,4858,1317,220.818181818182,59.8636363636364,TRUE
"13",2011,"Mine No. 3","Kentucky (East)","Harlan","Active","Mine only","Cloverlick Coal Company Llc",216,77,99,4858,1317,220.818181818182,59.8636363636364,TRUE
"14",2011,"Mine # 1","Kentucky (East)","Harlan","Active","Mine only","Yellow Rose Coal, Llc",144,29,376,4858,1317,220.818181818182,59.8636363636364,TRUE
"15",2011,"D1 Mine","Kentucky (East)","Harlan","Active","Mine only","Manalapan Mining Co., Inc.",181,20,165,4858,1317,220.818181818182,59.8636363636364,TRUE
"16",2011,"Liggett #8","Kentucky (East)","Harlan","Active","Mine only","Liggett Mining Llc",208,36,292,4858,1317,220.818181818182,59.8636363636364,TRUE
"17",2011,"Mine No 1","Kentucky (East)","Harlan","Active","Mine only","Stillhouse Mining Llc",286,109,190,4858,1317,220.818181818182,59.8636363636364,TRUE
"18",2011,"Mine #1","Kentucky (East)","Harlan","Active","Mine only","Cave Spur Coal Llc",192,55,60,4858,1317,220.818181818182,59.8636363636364,TRUE
"19",2011,"Mine No. 1","Kentucky (East)","Harlan","Active","Mine only","Panther Mining Llc",244,100,150,4858,1317,220.818181818182,59.8636363636364,TRUE
"20",2011,"Mine No. 1","Kentucky (East)","Harlan","Active","Mine only","Cloverlick Coal Company Llc",256,86,131,4858,1317,220.818181818182,59.8636363636364,TRUE
"21",2011,"Clover Fork No 1","Kentucky (East)","Harlan","Active","Mine only","Lone Mountain Processing Inc",378,116,196,4858,1317,220.818181818182,59.8636363636364,TRUE
"22",2011,"Mine #1","Kentucky (East)","Harlan","Active","Mine only","Powell Mountain Energy Llc",153,73,90,4858,1317,220.818181818182,59.8636363636364,TRUE
"23",2010,"Highsplint","Kentucky (East)","Harlan","Active","Mine only","Parton Bros. Contracting Inc.",72,30,342,6342,1395,226.5,49.8214285714286,TRUE
"24",2010,"Mine No 2","Kentucky (East)","Harlan","Active","Mine only","Neco Energy Inc",385,34,341,6342,1395,226.5,49.8214285714286,TRUE
"25",2010,"Mine # 1","Kentucky (East)","Harlan","Active","Mine only","Yellow Rose Coal, Llc",97,25,233,6342,1395,226.5,49.8214285714286,TRUE
"26",2010,"Darby Fork No 1","Kentucky (East)","Harlan","Active","Mine only","Lone Mountain Proces",315,110,173,6342,1395,226.5,49.8214285714286,TRUE
"27",2010,"K4 Mine","Kentucky (East)","Harlan","Active","Mine only","Rex Coal Company, Inc.",254,18,264,6342,1395,226.5,49.8214285714286,TRUE
"28",2010,"Huff Creek No 1","Kentucky (East)","Harlan","Active","Mine only","Lone Mountain Proces",301,117,179,6342,1395,226.5,49.8214285714286,TRUE
"29",2010,"No 18","Kentucky (East)","Harlan","Active","Mine only","Harlan Cumberland Coal Company",321,20,345,6342,1395,226.5,49.8214285714286,TRUE
"30",2010,"Mine No.17","Kentucky (East)","Harlan","Active","Mine only","K And D Mining Inc.",394,34,357,6342,1395,226.5,49.8214285714286,TRUE
"31",2010,"D & C Mining  Corporation","Kentucky (East)","Harlan","Active","Mine only","D & C Mining Corporation",390,24,263,6342,1395,226.5,49.8214285714286,TRUE
"32",2010,"Ky No. 2","Kentucky (East)","Harlan","Active","Mine only","Middle Fork Mining Inc.",116,31,377,6342,1395,226.5,49.8214285714286,TRUE
"33",2010,"Rb #12","Kentucky (East)","Harlan","Active","Mine only","Manalapan Mining Co., Inc.",361,42,391,6342,1395,226.5,49.8214285714286,TRUE
"34",2010,"Mine No 2","Kentucky (East)","Harlan","Active","Mine only","Stillhouse Mining, Llc",333,80,117,6342,1395,226.5,49.8214285714286,TRUE
"35",2010,"Timber Tree #9","Kentucky (East)","Harlan","Active","Mine only","Parton Bros. Contracting, Inc.",287,6,431,6342,1395,226.5,49.8214285714286,TRUE
"36",2010,"P1","Kentucky (East)","Harlan","Active","Mine only","Manalapan Mining Co., Inc.",105,77,38,6342,1395,226.5,49.8214285714286,TRUE
"37",2010,"C5","Kentucky (East)","Harlan","Active","Mine only","Rex Coal Company Inc.",304,29,415,6342,1395,226.5,49.8214285714286,TRUE
"38",2010,"D5","Kentucky (East)","Harlan","Active","Mine only","Rex Coal Co. Inc",85,35,468,6342,1395,226.5,49.8214285714286,TRUE
"39",2010,"Cloverlick #2","Kentucky (East)","Harlan","Active","Mine only","Jarisa, Inc.",91,40,448,6342,1395,226.5,49.8214285714286,TRUE
"40",2010,"Mine No. 3","Kentucky (East)","Harlan","Active","Mine only","Cloverlick Coal Company Llc",73,29,417,6342,1395,226.5,49.8214285714286,TRUE
"41",2010,"D1 Mine","Kentucky (East)","Harlan","Active","Mine only","Manalapan Mining Co., Inc.",68,23,31,6342,1395,226.5,49.8214285714286,TRUE
"42",2010,"Mine No 1","Kentucky (East)","Harlan","Active","Mine only","Stillhouse Mining Llc",262,97,143,6342,1395,226.5,49.8214285714286,TRUE
"43",2010,"Mine #1","Kentucky (East)","Harlan","Active","Mine only","Cave Spur Coal Llc",187,47,26,6342,1395,226.5,49.8214285714286,TRUE
"44",2010,"Mine No. 1","Kentucky (East)","Harlan","Active","Mine only","Panther Mining Llc",237,88,128,6342,1395,226.5,49.8214285714286,TRUE
"45",2010,"Mine No. 1","Kentucky (East)","Harlan","Active","Mine only","Cloverlick Coal Company Llc",250,85,119,6342,1395,226.5,49.8214285714286,TRUE
"46",2010,"Clover Fork No 1","Kentucky (East)","Harlan","Active","Mine only","Lone Mountain Proces",365,114,191,6342,1395,226.5,49.8214285714286,TRUE
"47",2010,"Mine #1","Kentucky (East)","Harlan","Active","Mine only","Powell Mountain Energy Llc",142,67,65,6342,1395,226.5,49.8214285714286,TRUE
"48",2010,"Liggett #3","Kentucky (East)","Harlan","Active","Mine only","Liggett Mining Llc",53,42,25,6342,1395,226.5,49.8214285714286,TRUE
"49",2010,"Infinity #4","Kentucky (East)","Harlan","Active","Mine only","Infinity Energy Incorporated",266,28,350,6342,1395,226.5,49.8214285714286,TRUE
"50",2010,"Liggett #7","Kentucky (East)","Harlan","Active","Mine only","Liggett Mining Llc",228,23,304,6342,1395,226.5,49.8214285714286,TRUE
"51",2009,"Highsplint","Kentucky (East)","Harlan","Active","Mine only","Parton Bros. Contracting Inc.",36,20,231,5447,1329,201.740740740741,49.2222222222222,TRUE
"52",2009,"Mine No 1","Kentucky (East)","Harlan","Active","Mine only","Conshor Mining Llc",51,27,269,5447,1329,201.740740740741,49.2222222222222,TRUE
"53",2009,"Timber Tree #9","Kentucky (East)","Harlan","Active","Mine only","Parton Bros. Contracting, Inc.",270,18,201,5447,1329,201.740740740741,49.2222222222222,TRUE
"54",2009,"Liggett #5","Kentucky (East)","Harlan","Active","Mine only","Liggett Mining Llc",74,56,79,5447,1329,201.740740740741,49.2222222222222,TRUE
"55",2009,"Mine No 4","Kentucky (East)","Harlan","Active","Mine only","A & M Coal Co Inc",55,36,454,5447,1329,201.740740740741,49.2222222222222,TRUE
"56",2009,"Darby Fork No 1","Kentucky (East)","Harlan","Active","Mine only","Lone Mountain Processing Inc",326,114,178,5447,1329,201.740740740741,49.2222222222222,TRUE
"57",2009,"K4 Mine","Kentucky (East)","Harlan","Active","Mine only","Rex Coal Company, Inc.",319,19,325,5447,1329,201.740740740741,49.2222222222222,TRUE
"58",2009,"Huff Creek No 1","Kentucky (East)","Harlan","Active","Mine only","Lone Mountain Processing Inc",238,113,168,5447,1329,201.740740740741,49.2222222222222,TRUE
"59",2009,"No 18","Kentucky (East)","Harlan","Active","Mine only","Harlan Cumberland Coal Company",400,20,346,5447,1329,201.740740740741,49.2222222222222,TRUE
"60",2009,"D & C Mining  Corp,","Kentucky (East)","Harlan","Active","Mine only","D & C Mining Corp",84,22,250,5447,1329,201.740740740741,49.2222222222222,TRUE
"61",2009,"Mine #1","Kentucky (East)","Harlan","Active","Mine only","Cawood Enterprises Llc",258,15,242,5447,1329,201.740740740741,49.2222222222222,TRUE
"62",2009,"No. 1 Wallins","Kentucky (East)","Harlan","Active","Mine only","K & D Mining",63,36,422,5447,1329,201.740740740741,49.2222222222222,TRUE
"63",2009,"Rb #12","Kentucky (East)","Harlan","Active","Mine only","Manalapan Mining Co., Inc.",386,32,374,5447,1329,201.740740740741,49.2222222222222,TRUE
"64",2009,"Mine #2","Kentucky (East)","Harlan","Active","Mine only","Stillhouse Mining, Llc",299,64,77,5447,1329,201.740740740741,49.2222222222222,TRUE
"65",2009,"P1","Kentucky (East)","Harlan","Active","Mine only","Manalapan Mining Co., Inc.",109,68,45,5447,1329,201.740740740741,49.2222222222222,TRUE
"66",2009,"C5","Kentucky (East)","Harlan","Active","Mine only","Rex Coal Company Inc.",43,32,461,5447,1329,201.740740740741,49.2222222222222,TRUE
"67",2009,"D5","Kentucky (East)","Harlan","Active","Mine only","Rex Coal Co. Inc",227,19,305,5447,1329,201.740740740741,49.2222222222222,TRUE
"68",2009,"Triumph Mine","Kentucky (East)","Harlan","Active","Mine only","Coalgood Energy Company",284,26,322,5447,1329,201.740740740741,49.2222222222222,TRUE
"69",2009,"Cloverlick #2","Kentucky (East)","Harlan","Active","Mine only","Jarisa, Inc.",325,39,246,5447,1329,201.740740740741,49.2222222222222,TRUE
"70",2009,"Mine #3","Kentucky (East)","Harlan","Active","Mine only","Cloverlick Coal Company Llc",69,15,457,5447,1329,201.740740740741,49.2222222222222,TRUE
"71",2009,"Mine #1","Kentucky (East)","Harlan","Active","Mine only","Stillhouse Mining Llc",275,95,142,5447,1329,201.740740740741,49.2222222222222,TRUE
"72",2009,"Mine #1","Kentucky (East)","Harlan","Active","Mine only","Cave Spur Coal Llc",194,44,16,5447,1329,201.740740740741,49.2222222222222,TRUE
"73",2009,"Mine #1","Kentucky (East)","Harlan","Active","Mine only","Panther Mining Llc",251,89,137,5447,1329,201.740740740741,49.2222222222222,TRUE
"74",2009,"Mine #1","Kentucky (East)","Harlan","Active","Mine only","Cloverlick Coal Company Llc",265,88,127,5447,1329,201.740740740741,49.2222222222222,TRUE
"75",2009,"Clover Fork No 1","Kentucky (East)","Harlan","Active","Mine only","Lone Mountain Processing Inc",366,121,180,5447,1329,201.740740740741,49.2222222222222,TRUE
"76",2009,"Mine #1","Kentucky (East)","Harlan","Active","Mine only","Powell Mountain Energy Llc",120,57,54,5447,1329,201.740740740741,49.2222222222222,TRUE
"77",2009,"Liggett #3","Kentucky (East)","Harlan","Active","Mine only","Liggett Mining Llc",60,44,36,5447,1329,201.740740740741,49.2222222222222,TRUE
"78",2008,"Highsplint","Kentucky (East)","Harlan","Active","Mine only","Parton Bros. Contracting Inc.",364,22,214,6244,1195,223,42.6785714285714,TRUE
"79",2008,"Liggett #3","Kentucky (East)","Harlan","Active","Mine only","Liggett Mining Llc",78,51,53,6244,1195,223,42.6785714285714,TRUE
"80",2008,"No 3","Kentucky (East)","Harlan","Active","Mine only","A & M Coal Co Inc",177,12,125,6244,1195,223,42.6785714285714,TRUE
"81",2008,"Timber Tree #9","Kentucky (East)","Harlan","Active","Mine only","Parton Bros. Contracting, Inc.",305,16,169,6244,1195,223,42.6785714285714,TRUE
"82",2008,"Liggett #5","Kentucky (East)","Harlan","Active","Mine only","Liggett Mining Llc",188,74,126,6244,1195,223,42.6785714285714,TRUE
"83",2008,"Mine No 4","Kentucky (East)","Harlan","Active","Mine only","A & M Coal Co Inc",106,39,85,6244,1195,223,42.6785714285714,TRUE
"84",2008,"Darby Fork No 1","Kentucky (East)","Harlan","Active","Mine only","Lone Mountain Processing Inc",337,114,194,6244,1195,223,42.6785714285714,TRUE
"85",2008,"K4 Mine","Kentucky (East)","Harlan","Active","Mine only","Rex Coal Company, Inc.",31,17,270,6244,1195,223,42.6785714285714,TRUE
"86",2008,"Huff Creek No 1","Kentucky (East)","Harlan","Active","Mine only","Lone Mountain Processing Inc",359,114,181,6244,1195,223,42.6785714285714,TRUE
"87",2008,"No 18","Kentucky (East)","Harlan","Active","Mine only","Harlan Cumberland Coal Company",395,21,311,6244,1195,223,42.6785714285714,TRUE
"88",2008,"D & C Mining  Corp,","Kentucky (East)","Harlan","Active","Mine only","D & C Mining Corp",141,23,276,6244,1195,223,42.6785714285714,TRUE
"89",2008,"Rb #10","Kentucky (East)","Harlan","Active","Mine only","Manalapan Mining Company Inc",241,23,356,6244,1195,223,42.6785714285714,TRUE
"90",2008,"Gracie Mine #1","Kentucky (East)","Harlan","Active","Mine only","F&g Resources Llc",217,25,123,6244,1195,223,42.6785714285714,TRUE
"91",2008,"No. 1 Wallins","Kentucky (East)","Harlan","Active","Mine only","K & D Mining",312,18,213,6244,1195,223,42.6785714285714,TRUE
"92",2008,"Rb #12","Kentucky (East)","Harlan","Active","Mine only","Manalapan Mining Co., Inc.",349,24,351,6244,1195,223,42.6785714285714,TRUE
"93",2008,"Mine #2","Kentucky (East)","Harlan","Active","Mine only","Stillhouse Mining, Llc",223,40,14,6244,1195,223,42.6785714285714,TRUE
"94",2008,"Panther Mine #4a","Kentucky (East)","Harlan","Active","Mine only","Panther Mining, Llc",110,33,403,6244,1195,223,42.6785714285714,TRUE
"95",2008,"P1","Kentucky (East)","Harlan","Active","Mine only","Manalapan Mining",290,19,255,6244,1195,223,42.6785714285714,TRUE
"96",2008,"C5","Kentucky (East)","Harlan","Active","Mine only","Rex Coal Company Inc.",77,30,423,6244,1195,223,42.6785714285714,TRUE
"97",2008,"K6","Kentucky (East)","Harlan","Active","Mine only","Harlan Cumberland Coal Llc",165,22,105,6244,1195,223,42.6785714285714,TRUE
"98",2008,"Infinity #4","Kentucky (East)","Harlan","Active","Mine only","Infinity Energy Incorporated",259,17,108,6244,1195,223,42.6785714285714,TRUE
"99",2008,"Mine #1","Kentucky (East)","Harlan","Active","Mine only","Stillhouse Mining Llc",308,86,136,6244,1195,223,42.6785714285714,TRUE
"100",2008,"Mine #1","Kentucky (East)","Harlan","Active","Mine only","Cave Spur Coal Llc",211,39,10,6244,1195,223,42.6785714285714,TRUE
"101",2008,"Mine #1","Kentucky (East)","Harlan","Active","Mine only","Panther Mining Llc",264,78,118,6244,1195,223,42.6785714285714,TRUE
"102",2008,"Mine #1","Kentucky (East)","Harlan","Active","Mine only","Cloverlick Coal Company Llc",300,79,120,6244,1195,223,42.6785714285714,TRUE
"103",2008,"Clover Fork No 1","Kentucky (East)","Harlan","Active","Mine only","Lone Mountain Processing Inc",7,116,192,6244,1195,223,42.6785714285714,TRUE
"104",2008,"Mine #1","Kentucky (East)","Harlan","Active","Mine only","Powell Mountain Energy Llc",151,15,141,6244,1195,223,42.6785714285714,TRUE
"105",2008,"Liggett #6","Kentucky (East)","Harlan","Active","Mine only","Liggett Mining Llc",279,28,222,6244,1195,223,42.6785714285714,TRUE
"106",2007,"Highsplint","Kentucky (East)","Harlan","Active","Mine only","Parton Bros. Contracting Inc.",83,29,282,5181,1031,207.24,41.24,TRUE
"107",2007,"Liggett #3","Kentucky (East)","Harlan","Active","Mine only","Liggett Mining Llc",302,29,349,5181,1031,207.24,41.24,TRUE
"108",2007,"Liggett #4a","Kentucky (East)","Harlan","Active","Mine only","Liggett Mining Llc",111,43,22,5181,1031,207.24,41.24,TRUE
"109",2007,"Liggett #5","Kentucky (East)","Harlan","Active","Mine only","Liggett Mining Llc",195,59,67,5181,1031,207.24,41.24,TRUE
"110",2007,"Darby Fork No 1","Kentucky (East)","Harlan","Active","Mine only","Lone Mountain Processing Inc",303,105,167,5181,1031,207.24,41.24,TRUE
"111",2007,"Rb #4","Kentucky (East)","Harlan","Active","Mine only","Manalapan Mining Co., Inc.",24,25,379,5181,1031,207.24,41.24,TRUE
"112",2007,"C3 Mine","Kentucky (East)","Harlan","Active","Mine only","Rex Coal Company, Inc.",294,20,278,5181,1031,207.24,41.24,TRUE
"113",2007,"K4","Kentucky (East)","Harlan","Active","Mine only","Rex Coal Company, Inc.",334,14,215,5181,1031,207.24,41.24,TRUE
"114",2007,"Mine #1","Kentucky (East)","Harlan","Active","Mine only","Stillhouse Mining Llc",292,73,116,5181,1031,207.24,41.24,TRUE
"115",2007,"Huff Creek No 1","Kentucky (East)","Harlan","Active","Mine only","Lone Mountain Processing Inc",295,104,172,5181,1031,207.24,41.24,TRUE
"116",2007,"No 18","Kentucky (East)","Harlan","Active","Mine only","Harlan Cumberland Coal Company",387,21,352,5181,1031,207.24,41.24,TRUE
"117",2007,"D & C Mining  Corp,","Kentucky (East)","Harlan","Active","Mine only","D & C Mining Corp",64,22,245,5181,1031,207.24,41.24,TRUE
"118",2007,"Rb #10","Kentucky (East)","Harlan","Active","Mine only","Manalapan Mining Company Inc",285,23,370,5181,1031,207.24,41.24,TRUE
"119",2007,"K3","Kentucky (East)","Harlan","Active","Mine only","Harlan Cumberland Coal Company",28,22,367,5181,1031,207.24,41.24,TRUE
"120",2007,"No. 2","Kentucky (East)","Harlan","Active","Mine only","A & M Coal Co., Inc.",379,27,343,5181,1031,207.24,41.24,TRUE
"121",2007,"Rb #12","Kentucky (East)","Harlan","Active","Mine only","Manalapan Mining Co., Inc.",44,23,340,5181,1031,207.24,41.24,TRUE
"122",2007,"Mine No 1","Kentucky (East)","Harlan","Active","Mine only","Conshor Mining Llc",121,30,287,5181,1031,207.24,41.24,TRUE
"123",2007,"Mine #2","Kentucky (East)","Harlan","Active","Mine only","Stillhouse Mining, Llc",212,37,467,5181,1031,207.24,41.24,TRUE
"124",2007,"No 3","Kentucky (East)","Harlan","Active","Mine only","A & M Coal Co Inc",291,14,185,5181,1031,207.24,41.24,TRUE
"125",2007,"P1","Kentucky (East)","Harlan","Active","Mine only","Manalapan Mining",113,11,289,5181,1031,207.24,41.24,TRUE
"126",2007,"C5","Kentucky (East)","Harlan","Active","Mine only","Rex Coal Company Inc.",210,19,122,5181,1031,207.24,41.24,TRUE
"127",2007,"Mine #1","Kentucky (East)","Harlan","Active","Mine only","Cave Spur Coal Llc",186,36,462,5181,1031,207.24,41.24,TRUE
"128",2007,"Mine #1","Kentucky (East)","Harlan","Active","Mine only","Panther Mining Llc",280,70,98,5181,1031,207.24,41.24,TRUE
"129",2007,"Mine #1","Kentucky (East)","Harlan","Active","Mine only","Cloverlick Coal Company Llc",342,69,102,5181,1031,207.24,41.24,TRUE
"130",2007,"Clover Fork No 1","Kentucky (East)","Harlan","Active","Mine only","Lone Mountain Processing Inc",6,106,166,5181,1031,207.24,41.24,TRUE
"131",2006,"Mine #2","Kentucky (East)","Harlan","Active","Mine only","Orion Resources Inc.",26,24,312,6746,1244,224.866666666667,41.4666666666667,TRUE
"132",2006,"Highsplint","Kentucky (East)","Harlan","Active","Mine only","Parton Bros. Contracting Inc.",87,25,244,6746,1244,224.866666666667,41.4666666666667,TRUE
"133",2006,"Mine No 3","Kentucky (East)","Harlan","Active","Mine only","H & D Mining Inc",75,26,217,6746,1244,224.866666666667,41.4666666666667,TRUE
"134",2006,"Bardo #1","Kentucky (East)","Harlan","Active","Mine only","Bardo Mining Llc",122,58,64,6746,1244,224.866666666667,41.4666666666667,TRUE
"135",2006,"Liggett #2","Kentucky (East)","Harlan","Active","Mine only","Liggett Mining Llc",131,64,81,6746,1244,224.866666666667,41.4666666666667,TRUE
"136",2006,"Liggett #3","Kentucky (East)","Harlan","Active","Mine only","Liggett Mining Llc",155,64,87,6746,1244,224.866666666667,41.4666666666667,TRUE
"137",2006,"Liggett #4a","Kentucky (East)","Harlan","Active","Mine only","Liggett Mining Llc",396,33,393,6746,1244,224.866666666667,41.4666666666667,TRUE
"138",2006,"Darby Fork No 1","Kentucky (East)","Harlan","Active","Mine only","Lone Mountain Processing Inc",314,102,159,6746,1244,224.866666666667,41.4666666666667,TRUE
"139",2006,"Rb #4","Kentucky (East)","Harlan","Active","Mine only","Manalapan Mining Co., Inc.",49,21,353,6746,1244,224.866666666667,41.4666666666667,TRUE
"140",2006,"C3 Mine","Kentucky (East)","Harlan","Active","Mine only","Rex Coal Company, Inc.",328,16,249,6746,1244,224.866666666667,41.4666666666667,TRUE
"141",2006,"K4","Kentucky (East)","Harlan","Active","Mine only","Rex Coal Company, Inc.",336,11,186,6746,1244,224.866666666667,41.4666666666667,TRUE
"142",2006,"Mine #1","Kentucky (East)","Harlan","Active","Mine only","Stillhouse Mining Llc",252,76,97,6746,1244,224.866666666667,41.4666666666667,TRUE
"143",2006,"Huff Creek No 1","Kentucky (East)","Harlan","Active","Mine only","Lone Mountain Processing Inc",360,142,235,6746,1244,224.866666666667,41.4666666666667,TRUE
"144",2006,"No 18","Kentucky (East)","Harlan","Active","Mine only","Harlan Cumberland Coal Company",391,17,313,6746,1244,224.866666666667,41.4666666666667,TRUE
"145",2006,"No. 19","Kentucky (East)","Harlan","Active","Mine only","Harlan Cumberland Coal Company",29,19,324,6746,1244,224.866666666667,41.4666666666667,TRUE
"146",2006,"D & C Mining  Corp,","Kentucky (East)","Harlan","Active","Mine only","D & C Mining Corp",54,28,277,6746,1244,224.866666666667,41.4666666666667,TRUE
"147",2006,"# 1","Kentucky (East)","Harlan","Active","Mine only","RandyD, Llc",298,15,170,6746,1244,224.866666666667,41.4666666666667,TRUE
"148",2006,"Rb #10","Kentucky (East)","Harlan","Active","Mine only","Manalapan Mining Company Inc",274,21,326,6746,1244,224.866666666667,41.4666666666667,TRUE
"149",2006,"K3","Kentucky (East)","Harlan","Active","Mine only","Harlan Cumberland Coal Company",397,19,319,6746,1244,224.866666666667,41.4666666666667,TRUE
"150",2006,"No. 2","Kentucky (East)","Harlan","Active","Mine only","A & M Coal Co., Inc.",101,38,419,6746,1244,224.866666666667,41.4666666666667,TRUE
"151",2006,"No. 1 Wallins","Kentucky (East)","Harlan","Active","Mine only","Rex Coal Co. Inc.",377,18,320,6746,1244,224.866666666667,41.4666666666667,TRUE
"152",2006,"Rb #12","Kentucky (East)","Harlan","Active","Mine only","Manalapan Mining Co., Inc.",61,21,347,6746,1244,224.866666666667,41.4666666666667,TRUE
"153",2006,"Mine No 1","Kentucky (East)","Harlan","Active","Mine only","Conshor Mining Llc",288,7,297,6746,1244,224.866666666667,41.4666666666667,TRUE
"154",2006,"Mine #2","Kentucky (East)","Harlan","Active","Mine only","Stillhouse Mining, Llc",243,35,455,6746,1244,224.866666666667,41.4666666666667,TRUE
"155",2006,"No 3","Kentucky (East)","Harlan","Active","Mine only","A & M Coal Co Inc",245,10,183,6746,1244,224.866666666667,41.4666666666667,TRUE
"156",2006,"Mine #1","Kentucky (East)","Harlan","Active","Mine only","Cave Spur Coal Llc",189,38,452,6746,1244,224.866666666667,41.4666666666667,TRUE
"157",2006,"Mine #1","Kentucky (East)","Harlan","Active","Mine only","Parton Bros. Contracting Inc.",240,65,66,6746,1244,224.866666666667,41.4666666666667,TRUE
"158",2006,"Mine #1","Kentucky (East)","Harlan","Active","Mine only","Cloverlick Coal Company Llc",353,70,76,6746,1244,224.866666666667,41.4666666666667,TRUE
"159",2006,"Clover Fork No. 1","Kentucky (East)","Harlan","Active","Mine only","Lone Mountain Processing, Inc.",392,85,130,6746,1244,224.866666666667,41.4666666666667,TRUE
"160",2006,"Darby #2","Kentucky (East)","Harlan","Active","Mine only","Powell Mountain Coal Co., Inc.",183,76,101,6746,1244,224.866666666667,41.4666666666667,TRUE
"161",2005,"Darby Mine No 1","Kentucky (East)","Harlan","Active","Mine only","Kentucky Darby Llc",103,33,420,6709,1229,216.41935483871,39.6451612903226,TRUE
"162",2005,"Highsplint","Kentucky (East)","Harlan","Active","Mine only","Parton Bros. Contracting Inc.",65,24,212,6709,1229,216.41935483871,39.6451612903226,TRUE
"163",2005,"Mine No 3","Kentucky (East)","Harlan","Active","Mine only","H & D Mining Inc",123,33,273,6709,1229,216.41935483871,39.6451612903226,TRUE
"164",2005,"Bardo #1","Kentucky (East)","Harlan","Active","Mine only","Bardo Mining Llc",196,66,89,6709,1229,216.41935483871,39.6451612903226,TRUE
"165",2005,"Liggett #2","Kentucky (East)","Harlan","Active","Mine only","Liggett Mining Llc",167,65,86,6709,1229,216.41935483871,39.6451612903226,TRUE
"166",2005,"Bardo #2","Kentucky (East)","Harlan","Active","Mine only","Bardo Mining Llc",331,22,199,6709,1229,216.41935483871,39.6451612903226,TRUE
"167",2005,"Liggett #3","Kentucky (East)","Harlan","Active","Mine only","Liggett Mining Llc",374,30,369,6709,1229,216.41935483871,39.6451612903226,TRUE
"168",2005,"Mine #2","Kentucky (East)","Harlan","Active","Mine only","Stillhouse Mining, Llc",143,27,262,6709,1229,216.41935483871,39.6451612903226,TRUE
"169",2005,"Darby Fork No 1","Kentucky (East)","Harlan","Active","Mine only","Lone Mountain Processing Inc",309,97,153,6709,1229,216.41935483871,39.6451612903226,TRUE
"170",2005,"Rb #4","Kentucky (East)","Harlan","Active","Mine only","Manalapan Mining Co., Inc.",66,25,406,6709,1229,216.41935483871,39.6451612903226,TRUE
"171",2005,"C3 Mine","Kentucky (East)","Harlan","Active","Mine only","Rex Coal Company, Inc.",306,14,216,6709,1229,216.41935483871,39.6451612903226,TRUE
"172",2005,"K4","Kentucky (East)","Harlan","Active","Mine only","Rex Coal Company, Inc.",267,10,164,6709,1229,216.41935483871,39.6451612903226,TRUE
"173",2005,"Huff Creek No 1","Kentucky (East)","Harlan","Active","Mine only","Lone Mountain Processing Inc",3,149,237,6709,1229,216.41935483871,39.6451612903226,TRUE
"174",2005,"No 18","Kentucky (East)","Harlan","Active","Mine only","Harlan Cumberland Coal Company",21,18,328,6709,1229,216.41935483871,39.6451612903226,TRUE
"175",2005,"No. 19","Kentucky (East)","Harlan","Active","Mine only","Harlan Cumberland Coal Company",384,28,437,6709,1229,216.41935483871,39.6451612903226,TRUE
"176",2005,"D & C Mining  Corp,","Kentucky (East)","Harlan","Active","Mine only","D & C Mining Corp",398,24,253,6709,1229,216.41935483871,39.6451612903226,TRUE
"177",2005,"Pathfork Mine #1","Kentucky (East)","Harlan","Active","Mine only","Maggard Mining",351,23,327,6709,1229,216.41935483871,39.6451612903226,TRUE
"178",2005,"# 1","Kentucky (East)","Harlan","Active","Mine only","RandyD, Llc",215,13,95,6709,1229,216.41935483871,39.6451612903226,TRUE
"179",2005,"Rb #10","Kentucky (East)","Harlan","Active","Mine only","Manalapan Mining Company Inc",382,20,308,6709,1229,216.41935483871,39.6451612903226,TRUE
"180",2005,"K3","Kentucky (East)","Harlan","Active","Mine only","Harlan Cumberland Coal Company",340,16,281,6709,1229,216.41935483871,39.6451612903226,TRUE
"181",2005,"No. 2","Kentucky (East)","Harlan","Active","Mine only","A & M Coal Co., Inc.",96,39,438,6709,1229,216.41935483871,39.6451612903226,TRUE
"182",2005,"No. 1 Wallins","Kentucky (East)","Harlan","Active","Mine only","Rex Coal Co. Inc.",19,19,339,6709,1229,216.41935483871,39.6451612903226,TRUE
"183",2005,"Rb #12","Kentucky (East)","Harlan","Active","Mine only","Manalapan Mining Co., Inc.",80,27,372,6709,1229,216.41935483871,39.6451612903226,TRUE
"184",2005,"Limestone Mine","Kentucky (East)","Harlan","Active","Mine only","Powell Mountain Coal Co., Inc.",145,37,450,6709,1229,216.41935483871,39.6451612903226,TRUE
"185",2005,"Mine No 1","Kentucky (East)","Harlan","Active","Mine only","Stillhouse Mining Llc",247,68,80,6709,1229,216.41935483871,39.6451612903226,TRUE
"186",2005,"Mine No 1","Kentucky (East)","Harlan","Active","Mine only","Cave Spur Coal Llc",197,37,451,6709,1229,216.41935483871,39.6451612903226,TRUE
"187",2005,"Mine No1","Kentucky (East)","Harlan","Active","Mine only","Panther Mining Llc",239,49,37,6709,1229,216.41935483871,39.6451612903226,TRUE
"188",2005,"Mine No 1","Kentucky (East)","Harlan","Active","Mine only","Cloverlick Management Company",370,66,74,6709,1229,216.41935483871,39.6451612903226,TRUE
"189",2005,"Rebco Coal #5","Kentucky (East)","Harlan","Active","Mine only","Rebco Coal Inc",236,20,175,6709,1229,216.41935483871,39.6451612903226,TRUE
"190",2005,"Clover Fork No. 1","Kentucky (East)","Harlan","Active","Mine only","Lone Mountain Processing, Inc.",368,65,88,6709,1229,216.41935483871,39.6451612903226,TRUE
"191",2005,"Darby #2","Kentucky (East)","Harlan","Active","Mine only","Powell Mountain Coal Co., Inc.",168,65,56,6709,1229,216.41935483871,39.6451612903226,TRUE
"192",2004,"Mine No. 1","Kentucky (East)","Harlan","Active","Mine only","Highlands Mining & Processing",134,42,418,6636,1173,237,41.8928571428571,TRUE
"193",2004,"Darby Mine No 1","Kentucky (East)","Harlan","Active","Mine only","Kentucky Darby Llc",146,33,410,6636,1173,237,41.8928571428571,TRUE
"194",2004,"No. 2","Kentucky (East)","Harlan","Active","Mine only","A & M Coal Co., Inc.",128,37,428,6636,1173,237,41.8928571428571,TRUE
"195",2004,"B & D #3","Kentucky (East)","Harlan","Active","Mine only","B & D Mining L.L.C.",199,70,111,6636,1173,237,41.8928571428571,TRUE
"196",2004,"Bardo #1","Kentucky (East)","Harlan","Active","Mine only","Bardo Mining Llc",191,63,78,6636,1173,237,41.8928571428571,TRUE
"197",2004,"Liggett #2","Kentucky (East)","Harlan","Active","Mine only","Liggett Mining Llc",221,29,107,6636,1173,237,41.8928571428571,TRUE
"198",2004,"Darby Fork No 1","Kentucky (East)","Harlan","Active","Mine only","Lone Mountain Processing Inc",341,91,154,6636,1173,237,41.8928571428571,TRUE
"199",2004,"Rb #4","Kentucky (East)","Harlan","Active","Mine only","Manalapan Mining Co., Inc.",94,36,464,6636,1173,237,41.8928571428571,TRUE
"200",2004,"C3 Mine","Kentucky (East)","Harlan","Active","Mine only","Rex Coal Company, Inc.",339,14,247,6636,1173,237,41.8928571428571,TRUE
"201",2004,"Mine No 1","Kentucky (East)","Harlan","Active","Mine only","Stillhouse Mining Llc",322,61,68,6636,1173,237,41.8928571428571,TRUE
"202",2004,"Huff Creek No 1","Kentucky (East)","Harlan","Active","Mine only","Lone Mountain Processing Inc",13,142,229,6636,1173,237,41.8928571428571,TRUE
"203",2004,"No 18","Kentucky (East)","Harlan","Active","Mine only","Harlan Cumberland Coal Company",372,18,316,6636,1173,237,41.8928571428571,TRUE
"204",2004,"No. 19","Kentucky (East)","Harlan","Active","Mine only","Harlan Cumberland Coal Company",393,21,368,6636,1173,237,41.8928571428571,TRUE
"205",2004,"D & C Mining  Corp,","Kentucky (East)","Harlan","Active","Mine only","D & C Mining Corp",47,25,254,6636,1173,237,41.8928571428571,TRUE
"206",2004,"Highsplint","Kentucky (East)","Harlan","Active","Mine only","Parton Bros. Contracting Inc.",355,15,155,6636,1173,237,41.8928571428571,TRUE
"207",2004,"Mine No 1","Kentucky (East)","Harlan","Active","Mine only","Cave Spur Coal Llc",204,35,453,6636,1173,237,41.8928571428571,TRUE
"208",2004,"Mine No1","Kentucky (East)","Harlan","Active","Mine only","Panther Mining Llc",307,56,46,6636,1173,237,41.8928571428571,TRUE
"209",2004,"Pathfork Mine #1","Kentucky (East)","Harlan","Active","Mine only","Maggard Mining",76,27,288,6636,1173,237,41.8928571428571,TRUE
"210",2004,"Mine No 1","Kentucky (East)","Harlan","Active","Mine only","Cloverlick Management Company",389,62,69,6636,1173,237,41.8928571428571,TRUE
"211",2004,"Peters Knob","Kentucky (East)","Harlan","Active","Mine only","Nally & Hamilton Enterprises I",242,77,109,6636,1173,237,41.8928571428571,TRUE
"212",2004,"Mine No. 2","Kentucky (East)","Harlan","Active","Mine only","New Phase Mining Llc",235,11,29,6636,1173,237,41.8928571428571,TRUE
"213",2004,"Rb 10","Kentucky (East)","Harlan","Active","Mine only","Manalapan Mining Company Inc",371,22,332,6636,1173,237,41.8928571428571,TRUE
"214",2004,"K3","Kentucky (East)","Harlan","Active","Mine only","Harlan Cumberland Coal Company",318,15,260,6636,1173,237,41.8928571428571,TRUE
"215",2004,"Mine No 3","Kentucky (East)","Harlan","Active","Mine only","H & D Mining, Inc.",82,29,267,6636,1173,237,41.8928571428571,TRUE
"216",2004,"No. 1 Wallins","Kentucky (East)","Harlan","Active","Mine only","Rex Coal Co. Inc.",356,16,271,6636,1173,237,41.8928571428571,TRUE
"217",2004,"Clover Fork No. 1","Kentucky (East)","Harlan","Active","Mine only","Lone Mountain Processing, Inc.",268,52,39,6636,1173,237,41.8928571428571,TRUE
"218",2004,"Limestone Mine","Kentucky (East)","Harlan","Active","Mine only","Powell Mountain Coal Co., Inc.",170,46,465,6636,1173,237,41.8928571428571,TRUE
"219",2004,"Darby #2","Kentucky (East)","Harlan","Active","Mine only","Powell Mountain Coal Co., Inc.",323,28,219,6636,1173,237,41.8928571428571,TRUE
"220",2003,"Mine No. 1","Kentucky (East)","Harlan","Active","Mine only","Highlands Mining & Processing",159,37,424,3482,1017,139.28,40.68,TRUE
"221",2003,"Darby Mine No 1","Kentucky (East)","Harlan","Active","Mine only","Kentucky Darby Llc",164,31,381,3482,1017,139.28,40.68,TRUE
"222",2003,"No. 2","Kentucky (East)","Harlan","Active","Mine only","A & M Coal Co., Inc.",135,35,409,3482,1017,139.28,40.68,TRUE
"223",2003,"B & D #3","Kentucky (East)","Harlan","Active","Mine only","B & D Mining L.L.C.",203,77,110,3482,1017,139.28,40.68,TRUE
"224",2003,"B & D # 4","Kentucky (East)","Harlan","Active","Mine only","B & D Mining L.L.C.",147,74,49,3482,1017,139.28,40.68,TRUE
"225",2003,"B & D #5","Kentucky (East)","Harlan","Active","Mine only","B & D Mining Llc",71,33,309,3482,1017,139.28,40.68,TRUE
"226",2003,"Darby Fork No 1","Kentucky (East)","Harlan","Active","Mine only","Lone Mountain Processing Inc",5,125,204,3482,1017,139.28,40.68,TRUE
"227",2003,"R B #4","Kentucky (East)","Harlan","Active","Mine only","Manalapan Mining Company Inc",178,41,12,3482,1017,139.28,40.68,TRUE
"228",2003,"C3 Mine","Kentucky (East)","Harlan","Active","Mine only","Rex Coal Company, Inc.",246,13,223,3482,1017,139.28,40.68,TRUE
"229",2003,"Rb #5","Kentucky (East)","Harlan","Active","Mine only","Manalapan Mining Company Inc",88,23,344,3482,1017,139.28,40.68,TRUE
"230",2003,"Huff Creek No 1","Kentucky (East)","Harlan","Active","Mine only","Lone Mountain Processing Inc",12,148,220,3482,1017,139.28,40.68,TRUE
"231",2003,"No 18","Kentucky (East)","Harlan","Active","Mine only","Harlan Cumberland Coal Company",253,12,147,3482,1017,139.28,40.68,TRUE
"232",2003,"D & C Mining  Corp,","Kentucky (East)","Harlan","Active","Mine only","D & C Mining Corp",33,17,200,3482,1017,139.28,40.68,TRUE
"233",2003,"Mine No. 2","Kentucky (East)","Harlan","Active","Mine only","New Phase Mining Llc",124,7,238,3482,1017,139.28,40.68,TRUE
"234",2003,"Rb 10","Kentucky (East)","Harlan","Active","Mine only","Manalapan Mining Company Inc",50,21,338,3482,1017,139.28,40.68,TRUE
"235",2003,"K3","Kentucky (East)","Harlan","Active","Mine only","Harlan Cumberland Coal Company",156,12,94,3482,1017,139.28,40.68,TRUE
"236",2003,"Kok #4","Kentucky (East)","Harlan","Active","Mine only","Kelly Branch Resources, Inc.",112,12,3,3482,1017,139.28,40.68,TRUE
"237",2003,"No. 1 Wallins","Kentucky (East)","Harlan","Active","Mine only","Rex Coal Co. Inc.",166,10,34,3482,1017,139.28,40.68,TRUE
"238",2003,"Limestone Mine","Kentucky (East)","Harlan","Active","Mine only","Powell Mountain Coal Co Inc",278,23,121,3482,1017,139.28,40.68,TRUE
"239",2003,"Mine No 1","Kentucky (East)","Harlan","Active","Mine only","Stillhouse Mining Llc",255,40,466,3482,1017,139.28,40.68,TRUE
"240",2003,"Mine No 1","Kentucky (East)","Harlan","Active","Mine only","Cave Spur Coal Llc",207,36,460,3482,1017,139.28,40.68,TRUE
"241",2003,"Mine No1","Kentucky (East)","Harlan","Active","Mine only","Panther Mining Llc",269,58,48,3482,1017,139.28,40.68,TRUE
"242",2003,"Mine No 1","Kentucky (East)","Harlan","Active","Mine only","Cloverlick Coal Company Llc",2,61,62,3482,1017,139.28,40.68,TRUE
"243",2003,"Creech #1","Kentucky (East)","Harlan","Active","Mine only","Powell Mountain Coal Co., Inc",149,51,23,3482,1017,139.28,40.68,TRUE
"244",2003,"Clover Fork No. 1","Kentucky (East)","Harlan","Active","Mine only","Lone Mountain Processing, Inc.",20,20,93,3482,1017,139.28,40.68,TRUE
"245",2002,"Mine No. 1","Kentucky (East)","Harlan","Active","Mine only","Highlands Mining & Processing",161,38,443,3173,873,167,45.9473684210526,TRUE
"246",2002,"Darby Mine No 1","Kentucky (East)","Harlan","Active","Mine only","Kentucky Darby Llc",158,30,384,3173,873,167,45.9473684210526,TRUE
"247",2002,"No. 2","Kentucky (East)","Harlan","Active","Mine only","A & M Coal Co., Inc.",17,31,285,3173,873,167,45.9473684210526,TRUE
"248",2002,"B & D #3","Kentucky (East)","Harlan","Active","Mine only","B & D Mining L.L.C.",99,18,295,3173,873,167,45.9473684210526,TRUE
"249",2002,"Darby Fork No 1","Kentucky (East)","Harlan","Active","Mine only","Lone Mountain Processing Inc",8,149,211,3173,873,167,45.9473684210526,TRUE
"250",2002,"C2","Kentucky (East)","Harlan","Active","Mine only","Harlan Cumberland Coal Company",104,46,44,3173,873,167,45.9473684210526,TRUE
"251",2002,"R B # 4","Kentucky (East)","Harlan","Active","Mine only","Manalapan Mining Co. Inc.",180,45,456,3173,873,167,45.9473684210526,TRUE
"252",2002,"C3 Mine","Kentucky (East)","Harlan","Active","Mine only","Rex Coal Company, Inc.",293,13,225,3173,873,167,45.9473684210526,TRUE
"253",2002,"Rb #5","Kentucky (East)","Harlan","Active","Mine only","Manalapan Mining Company Inc",100,23,275,3173,873,167,45.9473684210526,TRUE
"254",2002,"Mine No 1","Kentucky (East)","Harlan","Active","Mine only","Stillhouse Mining Llc",222,33,441,3173,873,167,45.9473684210526,TRUE
"255",2002,"Huff Creek No 1","Kentucky (East)","Harlan","Active","Mine only","Lone Mountain Processing Inc",10,166,230,3173,873,167,45.9473684210526,TRUE
"256",2002,"D & C Mining  Corp,","Kentucky (East)","Harlan","Active","Mine only","D & C Mining Corp",257,15,132,3173,873,167,45.9473684210526,TRUE
"257",2002,"Mine No 1","Kentucky (East)","Harlan","Active","Mine only","Lakeway Mining Incorporated",127,24,337,3173,873,167,45.9473684210526,TRUE
"258",2002,"Mine No 1","Kentucky (East)","Harlan","Active","Mine only","Cave Spur Coal Llc",352,68,75,3173,873,167,45.9473684210526,TRUE
"259",2002,"Mine No1","Kentucky (East)","Harlan","Active","Mine only","Panther Mining Llc",373,21,144,3173,873,167,45.9473684210526,TRUE
"260",2002,"Mine No 1","Kentucky (East)","Harlan","Active","Mine only","Cloverlick Coal Company Llc",380,62,63,3173,873,167,45.9473684210526,TRUE
"261",2002,"Rb 10","Kentucky (East)","Harlan","Active","Mine only","Manalapan Mining Company Inc",92,21,259,3173,873,167,45.9473684210526,TRUE
"262",2002,"Mine No. 4","Kentucky (East)","Harlan","Active","Mine only","Kincaid Mining Co. Inc.",40,8,362,3173,873,167,45.9473684210526,TRUE
"263",2002,"Creech #1","Kentucky (East)","Harlan","Active","Mine only","Powell Mountain Coal Co., Inc.",200,62,43,3173,873,167,45.9473684210526,TRUE
"264",2001,"Mine No. 1","Kentucky (East)","Harlan","Active","Mine only","Highlands Mining & Processing",185,38,427,4963,1219,183.814814814815,45.1481481481481,TRUE
"265",2001,"B & D #2","Kentucky (East)","Harlan","Active","Mine only","B & D Mining Llc",58,13,401,4963,1219,183.814814814815,45.1481481481481,TRUE
"266",2001,"B & D # 1","Kentucky (East)","Harlan","Active","Mine only","B & D Mining, Llc.",25,39,207,4963,1219,183.814814814815,45.1481481481481,TRUE
"267",2001,"Brd #3","Kentucky (East)","Harlan","Active","Mine only","Br&d Enterprises, Inc.",327,84,129,4963,1219,183.814814814815,45.1481481481481,TRUE
"268",2001,"Darby Mine No. 1","Kentucky (East)","Harlan","Active","Mine only","Kentucky Darby Llc",52,20,205,4963,1219,183.814814814815,45.1481481481481,TRUE
"269",2001,"# 3","Kentucky (East)","Harlan","Active","Mine only","Northpoint Resources Llc",160,35,425,4963,1219,183.814814814815,45.1481481481481,TRUE
"270",2001,"Mine No. 2","Kentucky (East)","Harlan","Active","Mine only","A & M Coal Co., Inc.",157,26,32,4963,1219,183.814814814815,45.1481481481481,TRUE
"271",2001,"Darby Fork No. 1","Kentucky (East)","Harlan","Active","Mine only","Lone Mountain Processing, Inc.",4,123,189,4963,1219,183.814814814815,45.1481481481481,TRUE
"272",2001,"C2","Kentucky (East)","Harlan","Active","Mine only","Harlan Cumberland Coal Company",184,65,103,4963,1219,183.814814814815,45.1481481481481,TRUE
"273",2001,"R B # 4","Kentucky (East)","Harlan","Active","Mine only","Manalapan Mining Co. Inc.",193,45,463,4963,1219,183.814814814815,45.1481481481481,TRUE
"274",2001,"D2 Mine","Kentucky (East)","Harlan","Active","Mine only","Harlan Cumberland Coal Company",201,15,268,4963,1219,183.814814814815,45.1481481481481,TRUE
"275",2001,"# 1","Kentucky (East)","Harlan","Active","Mine only","Northpoint Resources, Llc",332,26,106,4963,1219,183.814814814815,45.1481481481481,TRUE
"276",2001,"# 2","Kentucky (East)","Harlan","Active","Mine only","Northpoint Resources, Llc",86,36,382,4963,1219,183.814814814815,45.1481481481481,TRUE
"277",2001,"Rb #5","Kentucky (East)","Harlan","Active","Mine only","Manalapan Mining Company Inc",130,23,315,4963,1219,183.814814814815,45.1481481481481,TRUE
"278",2001,"Mine No. 1","Kentucky (East)","Harlan","Active","Mine only","Stillhouse Mining Llc",272,34,447,4963,1219,183.814814814815,45.1481481481481,TRUE
"279",2001,"Huff Creek No. 1","Kentucky (East)","Harlan","Active","Mine only","Lone Mountain Processing Inc.",14,163,236,4963,1219,183.814814814815,45.1481481481481,TRUE
"280",2001,"Mine #16","Kentucky (East)","Harlan","Active","Mine only","Manalapan Mining Company Inc",148,42,442,4963,1219,183.814814814815,45.1481481481481,TRUE
"281",2001,"Mine # 19","Kentucky (East)","Harlan","Active","Mine only","Manalapan Mining Co. Inc",129,26,310,4963,1219,183.814814814815,45.1481481481481,TRUE
"282",2001,"D & C Mining","Kentucky (East)","Harlan","Active","Mine only","D & C Mining Corp.",375,10,294,4963,1219,183.814814814815,45.1481481481481,TRUE
"283",2001,"Mine No.1","Kentucky (East)","Harlan","Active","Mine only","High Splint Coal Llc",176,31,421,4963,1219,183.814814814815,45.1481481481481,TRUE
"284",2001,"Mine No.1","Kentucky (East)","Harlan","Active","Mine only","Cave Spur Coal, Llc",358,64,70,4963,1219,183.814814814815,45.1481481481481,TRUE
"285",2001,"Pathfork Mine #1","Kentucky (East)","Harlan","Active","Mine only","Maggard Mining",399,23,265,4963,1219,183.814814814815,45.1481481481481,TRUE
"286",2001,"Mine No.1","Kentucky (East)","Harlan","Active","Mine only","Cloverlick Coal Company, Llc",281,47,27,4963,1219,183.814814814815,45.1481481481481,TRUE
"287",2001,"Rb 10","Kentucky (East)","Harlan","Active","Mine only","Manalapan Mining Co., Inc.",95,22,307,4963,1219,183.814814814815,45.1481481481481,TRUE
"288",2001,"KentuckyWallins","Kentucky (East)","Harlan","Active","Mine only","Powell Mountain Coal Co., Inc.",218,81,91,4963,1219,183.814814814815,45.1481481481481,TRUE
"289",2001,"Bullhorn Mine","Kentucky (East)","Harlan","Active","Mine only","Bledsoe Coal Corporation",231,32,436,4963,1219,183.814814814815,45.1481481481481,TRUE
"290",2001,"Creech #1","Kentucky (East)","Harlan","Active","Mine only","Powell Mountain Coal Co., Inc.",173,56,35,4963,1219,183.814814814815,45.1481481481481,TRUE
"291",2000,"Mine No. 1","Kentucky (East)","Harlan","Active","Mine only","Highlands Mining & Processing",383,NA,1,4872,NA,180.444444444444,NA,TRUE
"292",2000,"No.12","Kentucky (East)","Harlan","Active","Mine only","HarLee Coal Co., Inc.",57,NA,1,4872,NA,180.444444444444,NA,TRUE
"293",2000,"No. 14 Mine","Kentucky (East)","Harlan","Active","Mine only","HarLee Coal Co., Inc.",348,NA,1,4872,NA,180.444444444444,NA,TRUE
"294",2000,"Brd #3","Kentucky (East)","Harlan","Active","Mine only","Br&d Enterprises, Inc.",357,NA,1,4872,NA,180.444444444444,NA,TRUE
"295",2000,"Darby Fork No. 1","Kentucky (East)","Harlan","Active","Mine only","Lone Mountain Processing, Inc.",388,NA,1,4872,NA,180.444444444444,NA,TRUE
"296",2000,"C2","Kentucky (East)","Harlan","Active","Mine only","Harlan Cumberland Coal Company",282,NA,1,4872,NA,180.444444444444,NA,TRUE
"297",2000,"R B # 4","Kentucky (East)","Harlan","Active","Mine only","Manalapan Mining Co. Inc.",232,NA,1,4872,NA,180.444444444444,NA,TRUE
"298",2000,"# 1","Kentucky (East)","Harlan","Active","Mine only","Northpoint Resources, Llc",137,NA,1,4872,NA,180.444444444444,NA,TRUE
"299",2000,"Darby # 3","Kentucky (East)","Harlan","Active","Mine only","Hunter Coales Llc",32,NA,1,4872,NA,180.444444444444,NA,TRUE
"300",2000,"#1","Kentucky (East)","Harlan","Active","Mine only","A&m Coal Co. Inc.",119,NA,1,4872,NA,180.444444444444,NA,TRUE
"301",2000,"Rb #5","Kentucky (East)","Harlan","Active","Mine only","Manalapan Mining Co. Inc.",93,NA,1,4872,NA,180.444444444444,NA,TRUE
"302",2000,"Mine No. 1","Kentucky (East)","Harlan","Active","Mine only","Stillhouse Mining Llc",263,NA,1,4872,NA,180.444444444444,NA,TRUE
"303",2000,"Huff Creek No. 1","Kentucky (East)","Harlan","Active","Mine only","Lone Mountain Processing Inc.",11,NA,1,4872,NA,180.444444444444,NA,TRUE
"304",2000,"Mine # 16","Kentucky (East)","Harlan","Active","Mine only","Manalapan Mining Co., Inc.",162,NA,1,4872,NA,180.444444444444,NA,TRUE
"305",2000,"Mine # 17","Kentucky (East)","Harlan","Active","Mine only","Manalapan Mining Co., Inc.",118,NA,1,4872,NA,180.444444444444,NA,TRUE
"306",2000,"Mine # 19","Kentucky (East)","Harlan","Active","Mine only","Manalapan Mining Co. Inc",136,NA,1,4872,NA,180.444444444444,NA,TRUE
"307",2000,"Rb #8","Kentucky (East)","Harlan","Active","Mine only","Manalapan Mining Co., Inc.",23,NA,1,4872,NA,180.444444444444,NA,TRUE
"308",2000,"Mine # 1","Kentucky (East)","Harlan","Active","Mine only","B & A Mining Inc.",209,NA,1,4872,NA,180.444444444444,NA,TRUE
"309",2000,"Mine No.1","Kentucky (East)","Harlan","Active","Mine only","High Splint Coal Llc",175,NA,1,4872,NA,180.444444444444,NA,TRUE
"310",2000,"Pathfork Mine #1","Kentucky (East)","Harlan","Active","Mine only","Maggard Mining",39,NA,1,4872,NA,180.444444444444,NA,TRUE
"311",2000,"Mine No.1","Kentucky (East)","Harlan","Active","Mine only","Cloverlick Coal Company, Llc",289,NA,1,4872,NA,180.444444444444,NA,TRUE
"312",2000,"Bullhorn Mine","Kentucky (East)","Harlan","Active","Mine only","Bledsoe Coal Corporation",172,NA,1,4872,NA,180.444444444444,NA,TRUE
"313",2000,"Rb 10","Kentucky (East)","Harlan","Active","Mine only","Manalapan Mining Co., Inc.",16,NA,1,4872,NA,180.444444444444,NA,TRUE
"314",2000,"# 3","Kentucky (East)","Harlan","Active","Mine only","Tricoal, Inc.",150,NA,1,4872,NA,180.444444444444,NA,TRUE
"315",2000,"KentuckyWallins","Kentucky (East)","Harlan","Active","Mine only","Powell Mountain Coal Co., Inc.",226,NA,1,4872,NA,180.444444444444,NA,TRUE
"316",2000,"Mine No.1","Kentucky (East)","Harlan","Active","Mine only","Cave Spur Coal, Llc",230,NA,1,4872,NA,180.444444444444,NA,TRUE
"317",2000,"Creech #1","Kentucky (East)","Harlan","Active","Mine only","Powell Mountain Coal Co., Inc.",225,NA,1,4872,NA,180.444444444444,NA,TRUE
